accuracy_mean,accuracy_std,attack_recall_mean,attack_recall_std,brier_score_mean,brier_score_std,curve_auc_mean,descriptive_oracle_best_f1_mean,descriptive_post_peak_drop_mean,ece_mean,ece_std,experiment,false_positive_rate_mean,false_positive_rate_std,final_f1_mean,macro_f1_mean,macro_f1_std,mean_steps,method,pr_auc_mean,pr_auc_std,precision_mean,precision_std,reach_rate,recall_mean,recall_std,roc_auc_mean,roc_auc_std,shot,step,target_f1,weighted_f1_mean,weighted_f1_std
0.35,0.0,0.3,0.0,0.2906758728230442,0.0,0.6241854636591478,0.9,0.0,0.20963894724845888,0.0,exp1_1shot,0.6,0.0,0.9,0.3483709273182957,0.0,1.0,SGD,0.38187687828167705,0.0,0.3484848484848485,0.0,1.0,0.35,0.0,0.22,0.0,1,0,0.8,0.3483709273182957,0.0
0.9,0.0,0.9,0.0,0.16989374472210406,0.0,0.6241854636591478,0.9,0.0,0.297881007194519,0.0,exp1_1shot,0.1,0.0,0.9,0.9,0.0,1.0,SGD,0.9809090909090908,0.0,0.9,0.0,1.0,0.9,0.0,0.98,0.0,1,1,0.8,0.9,0.0
0.35,0.0,0.3,0.0,0.2906758728230442,0.0,0.4241854636591479,0.5,0.0,0.20963894724845888,0.0,exp1_1shot,0.6,0.0,0.5,0.3483709273182957,0.0,1.0,Adam,0.38187687828167705,0.0,0.3484848484848485,0.0,0.0,0.35,0.0,0.22,0.0,1,0,0.8,0.3483709273182957,0.0
0.5,0.0,0.5,0.0,0.26959174504151867,0.0,0.4241854636591479,0.5,0.0,0.07177255153656008,0.0,exp1_1shot,0.5,0.0,0.5,0.5,0.0,1.0,Adam,0.4567520929363034,0.0,0.5,0.0,0.0,0.5,0.0,0.41000000000000003,0.0,1,1,0.8,0.5,0.0
0.35,0.0,0.3,0.0,0.2906758728230442,0.0,0.37418546365914784,0.4,0.0,0.20963894724845888,0.0,exp1_1shot,0.6,0.0,0.4,0.3483709273182957,0.0,1.0,MetaOpt,0.38187687828167705,0.0,0.3484848484848485,0.0,0.0,0.35,0.0,0.22,0.0,1,0,0.8,0.3483709273182957,0.0
0.4,0.0,0.4,0.0,0.28521794655195704,0.0,0.37418546365914784,0.4,0.0,0.15718450248241422,0.0,exp1_1shot,0.6,0.0,0.4,0.4,0.0,1.0,MetaOpt,0.4034840211388199,0.0,0.4,0.0,0.0,0.4,0.0,0.27999999999999997,0.0,1,1,0.8,0.4,0.0
