accuracy,attack_recall,brier_score,ece,experiment,false_positive_rate,logits_mean,logits_std,macro_f1,method,normal_recall,pr_auc,prediction_positive_rate,roc_auc,shot,step,support_loss,task_id,theta_delta_norm,unknown_class
0.35,0.3,0.2906758728230442,0.20963894724845888,exp1_1shot,0.6,0.14416924118995667,0.3983263075351715,0.3483709273182957,SGD,0.4000000059604645,0.38187687828167705,0.44999998807907104,0.22,1,0,,0,0.0,ddos
0.9,0.9,0.16989374472210406,0.297881007194519,exp1_1shot,0.1,0.14416922628879547,0.4479048252105713,0.9,SGD,0.8999999761581421,0.9809090909090908,0.5,0.98,1,1,0.7785626649856567,0,0.4893142282962799,ddos
0.35,0.3,0.2906758728230442,0.20963894724845888,exp1_1shot,0.6,0.14416924118995667,0.3983263075351715,0.3483709273182957,Adam,0.4000000059604645,0.38187687828167705,0.44999998807907104,0.22,1,0,,0,0.0,ddos
0.5,0.5,0.26959174504151867,0.07177255153656008,exp1_1shot,0.5,0.14416922628879547,0.38910919427871704,0.5,Adam,0.5,0.4567520929363034,0.5,0.41000000000000003,1,1,0.7785626649856567,0,0.08124035596847534,ddos
0.35,0.3,0.2906758728230442,0.20963894724845888,exp1_1shot,0.6,0.14416924118995667,0.3983263075351715,0.3483709273182957,MetaOpt,0.4000000059604645,0.38187687828167705,0.44999998807907104,0.22,1,0,,0,0.0,ddos
0.4,0.4,0.28521794655195704,0.15718450248241422,exp1_1shot,0.6,0.14464020729064941,0.3955353796482086,0.4,MetaOpt,0.4000000059604645,0.4034840211388199,0.5,0.27999999999999997,1,1,0.7785626649856567,0,0.02135421335697174,ddos
