accuracy,attack_recall,brier_score,ece,experiment,false_positive_rate,macro_f1,method,pr_auc,precision,recall,roc_auc,shot,split,step,task_id,weighted_f1
0.35,0.3,0.2906758728230442,0.20963894724845888,exp1_1shot,0.6,0.3483709273182957,SGD,0.38187687828167705,0.3484848484848485,0.35,0.22,1,test,0,0,0.3483709273182957
0.9,0.9,0.16989374472210406,0.297881007194519,exp1_1shot,0.1,0.9,SGD,0.9809090909090908,0.9,0.9,0.98,1,test,1,0,0.9
0.35,0.3,0.2906758728230442,0.20963894724845888,exp1_1shot,0.6,0.3483709273182957,Adam,0.38187687828167705,0.3484848484848485,0.35,0.22,1,test,0,0,0.3483709273182957
0.5,0.5,0.26959174504151867,0.07177255153656008,exp1_1shot,0.5,0.5,Adam,0.4567520929363034,0.5,0.5,0.41000000000000003,1,test,1,0,0.5
0.35,0.3,0.2906758728230442,0.20963894724845888,exp1_1shot,0.6,0.3483709273182957,MetaOpt,0.38187687828167705,0.3484848484848485,0.35,0.22,1,test,0,0,0.3483709273182957
0.4,0.4,0.28521794655195704,0.15718450248241422,exp1_1shot,0.6,0.4,MetaOpt,0.4034840211388199,0.4,0.4,0.27999999999999997,1,test,1,0,0.4
