accuracy,attack_recall,brier_score,ece,experiment,false_positive_rate,macro_f1,method,pr_auc,precision,recall,roc_auc,shot,split,step,task_id,weighted_f1
0.3,0.4,0.31149774089922894,0.27880340814590454,exp1_1shot,0.8,0.29292929292929293,SGD,0.3647950303910056,0.29166666666666663,0.30000000000000004,0.15999999999999998,1,validation,0,0,0.29292929292929293
0.85,0.9,0.18854102185507426,0.25948605537414554,exp1_1shot,0.2,0.849624060150376,SGD,0.9183658008658008,0.8535353535353536,0.8500000000000001,0.92,1,validation,1,0,0.849624060150376
0.3,0.4,0.31149774089922894,0.27880340814590454,exp1_1shot,0.8,0.29292929292929293,Adam,0.3647950303910056,0.29166666666666663,0.30000000000000004,0.15999999999999998,1,validation,0,0,0.29292929292929293
0.35,0.5,0.2928929673894526,0.21841166019439695,exp1_1shot,0.8,0.3350383631713555,Adam,0.38937687828167705,0.3351648351648352,0.35,0.24,1,validation,1,0,0.3350383631713555
0.3,0.4,0.31149774089922894,0.27880340814590454,exp1_1shot,0.8,0.29292929292929293,MetaOpt,0.3647950303910056,0.29166666666666663,0.30000000000000004,0.15999999999999998,1,validation,0,0,0.29292929292929293
0.3,0.4,0.30671045663825336,0.2760851979255676,exp1_1shot,0.8,0.29292929292929293,MetaOpt,0.36729503039100564,0.29166666666666663,0.30000000000000004,0.16999999999999998,1,validation,1,0,0.29292929292929293
