accuracy_mean,accuracy_std,attack_recall_mean,attack_recall_std,brier_score_mean,brier_score_std,curve_auc_mean,descriptive_oracle_best_f1_mean,descriptive_post_peak_drop_mean,ece_mean,ece_std,experiment,false_positive_rate_mean,false_positive_rate_std,final_f1_mean,macro_f1_mean,macro_f1_std,mean_steps,method,pr_auc_mean,pr_auc_std,precision_mean,precision_std,reach_rate,recall_mean,recall_std,roc_auc_mean,roc_auc_std,shot,step,target_f1,weighted_f1_mean,weighted_f1_std
0.3,0.0,0.4,0.0,0.31149774089922894,0.0,0.5712766765398345,nan,nan,0.27880340814590454,0.0,exp1_1shot,0.8,0.0,0.849624060150376,0.29292929292929293,0.0,1.0,SGD,0.3647950303910056,0.0,0.29166666666666663,0.0,1.0,0.30000000000000004,0.0,0.15999999999999998,0.0,1,0,0.8,0.29292929292929293,0.0
0.85,0.0,0.9,0.0,0.18854102185507426,0.0,0.5712766765398345,nan,nan,0.25948605537414554,0.0,exp1_1shot,0.2,0.0,0.849624060150376,0.849624060150376,0.0,1.0,SGD,0.9183658008658008,0.0,0.8535353535353536,0.0,1.0,0.8500000000000001,0.0,0.92,0.0,1,1,0.8,0.849624060150376,0.0
0.3,0.0,0.4,0.0,0.31149774089922894,0.0,0.3139838280503242,nan,nan,0.27880340814590454,0.0,exp1_1shot,0.8,0.0,0.3350383631713555,0.29292929292929293,0.0,1.0,Adam,0.3647950303910056,0.0,0.29166666666666663,0.0,0.0,0.30000000000000004,0.0,0.15999999999999998,0.0,1,0,0.8,0.29292929292929293,0.0
0.35,0.0,0.5,0.0,0.2928929673894526,0.0,0.3139838280503242,nan,nan,0.21841166019439695,0.0,exp1_1shot,0.8,0.0,0.3350383631713555,0.3350383631713555,0.0,1.0,Adam,0.38937687828167705,0.0,0.3351648351648352,0.0,0.0,0.35,0.0,0.24,0.0,1,1,0.8,0.3350383631713555,0.0
0.3,0.0,0.4,0.0,0.31149774089922894,0.0,0.29292929292929293,nan,nan,0.27880340814590454,0.0,exp1_1shot,0.8,0.0,0.29292929292929293,0.29292929292929293,0.0,1.0,MetaOpt,0.3647950303910056,0.0,0.29166666666666663,0.0,0.0,0.30000000000000004,0.0,0.15999999999999998,0.0,1,0,0.8,0.29292929292929293,0.0
0.3,0.0,0.4,0.0,0.30671045663825336,0.0,0.29292929292929293,nan,nan,0.2760851979255676,0.0,exp1_1shot,0.8,0.0,0.29292929292929293,0.29292929292929293,0.0,1.0,MetaOpt,0.36729503039100564,0.0,0.29166666666666663,0.0,0.0,0.30000000000000004,0.0,0.16999999999999998,0.0,1,1,0.8,0.29292929292929293,0.0
