{
  "exp1_1shot": {
    "shot": 1,
    "sgd_lr": 0.5,
    "adam_lr": 0.01,
    "n_val_tasks": 1,
    "n_test_tasks": 1,
    "methods": {
      "SGD": {
        "validation_only": true,
        "validation_selected": {
          "selected_stop_step": 1,
          "selection_metric": "macro_f1",
          "validation_mean_curve": [
            0.29292929292929293,
            0.849624060150376
          ]
        },
        "final_metrics_avg_per_task": {
          "accuracy": 0.85,
          "precision": 0.8535353535353536,
          "recall": 0.8500000000000001,
          "f1": 0.849624060150376,
          "macro_f1": 0.849624060150376,
          "weighted_f1": 0.849624060150376,
          "roc_auc": 0.92,
          "pr_auc": 0.9183658008658008,
          "attack_recall": 0.9,
          "false_positive_rate": 0.2,
          "brier_score": 0.18854102185507426,
          "ece": 0.25948605537414554,
          "support_loss": 0.8472642302513123
        },
        "adaptation_analysis": {
          "target_f1": 0.8,
          "mean_steps": 1.0,
          "std_steps": 0.0,
          "median_steps": 1.0,
          "reach_rate": 1.0,
          "mean_final_f1": 0.849624060150376,
          "n": 1,
          "checkpoints": {
            "0": {
              "accuracy": {
                "mean": 0.3,
                "std": 0.0,
                "n": 1
              },
              "attack_recall": {
                "mean": 0.4,
                "std": 0.0,
                "n": 1
              },
              "brier_score": {
                "mean": 0.31149774089922894,
                "std": 0.0,
                "n": 1
              },
              "ece": {
                "mean": 0.27880340814590454,
                "std": 0.0,
                "n": 1
              },
              "false_positive_rate": {
                "mean": 0.8,
                "std": 0.0,
                "n": 1
              },
              "macro_f1": {
                "mean": 0.29292929292929293,
                "std": 0.0,
                "n": 1
              },
              "pr_auc": {
                "mean": 0.3647950303910056,
                "std": 0.0,
                "n": 1
              },
              "precision": {
                "mean": 0.29166666666666663,
                "std": 0.0,
                "n": 1
              },
              "recall": {
                "mean": 0.30000000000000004,
                "std": 0.0,
                "n": 1
              },
              "roc_auc": {
                "mean": 0.15999999999999998,
                "std": 0.0,
                "n": 1
              },
              "weighted_f1": {
                "mean": 0.29292929292929293,
                "std": 0.0,
                "n": 1
              }
            },
            "1": {
              "accuracy": {
                "mean": 0.85,
                "std": 0.0,
                "n": 1
              },
              "attack_recall": {
                "mean": 0.9,
                "std": 0.0,
                "n": 1
              },
              "brier_score": {
                "mean": 0.18854102185507426,
                "std": 0.0,
                "n": 1
              },
              "ece": {
                "mean": 0.25948605537414554,
                "std": 0.0,
                "n": 1
              },
              "false_positive_rate": {
                "mean": 0.2,
                "std": 0.0,
                "n": 1
              },
              "macro_f1": {
                "mean": 0.849624060150376,
                "std": 0.0,
                "n": 1
              },
              "pr_auc": {
                "mean": 0.9183658008658008,
                "std": 0.0,
                "n": 1
              },
              "precision": {
                "mean": 0.8535353535353536,
                "std": 0.0,
                "n": 1
              },
              "recall": {
                "mean": 0.8500000000000001,
                "std": 0.0,
                "n": 1
              },
              "roc_auc": {
                "mean": 0.92,
                "std": 0.0,
                "n": 1
              },
              "weighted_f1": {
                "mean": 0.849624060150376,
                "std": 0.0,
                "n": 1
              }
            }
          },
          "curve_auc_mean": 0.5712766765398345,
          "curve_auc_std": 0.0,
          "final_f1_mean": 0.849624060150376
        },
        "descriptive_only_test_oracle": {}
      },
      "Adam": {
        "validation_only": true,
        "validation_selected": {
          "selected_stop_step": 1,
          "selection_metric": "macro_f1",
          "validation_mean_curve": [
            0.29292929292929293,
            0.3350383631713555
          ]
        },
        "final_metrics_avg_per_task": {
          "accuracy": 0.35,
          "precision": 0.3351648351648352,
          "recall": 0.35,
          "f1": 0.3350383631713555,
          "macro_f1": 0.3350383631713555,
          "weighted_f1": 0.3350383631713555,
          "roc_auc": 0.24,
          "pr_auc": 0.38937687828167705,
          "attack_recall": 0.5,
          "false_positive_rate": 0.8,
          "brier_score": 0.2928929673894526,
          "ece": 0.21841166019439695,
          "support_loss": 0.8472642302513123
        },
        "adaptation_analysis": {
          "target_f1": 0.8,
          "mean_steps": 1.0,
          "std_steps": 0.0,
          "median_steps": 1.0,
          "reach_rate": 0.0,
          "mean_final_f1": 0.3350383631713555,
          "n": 1,
          "checkpoints": {
            "0": {
              "accuracy": {
                "mean": 0.3,
                "std": 0.0,
                "n": 1
              },
              "attack_recall": {
                "mean": 0.4,
                "std": 0.0,
                "n": 1
              },
              "brier_score": {
                "mean": 0.31149774089922894,
                "std": 0.0,
                "n": 1
              },
              "ece": {
                "mean": 0.27880340814590454,
                "std": 0.0,
                "n": 1
              },
              "false_positive_rate": {
                "mean": 0.8,
                "std": 0.0,
                "n": 1
              },
              "macro_f1": {
                "mean": 0.29292929292929293,
                "std": 0.0,
                "n": 1
              },
              "pr_auc": {
                "mean": 0.3647950303910056,
                "std": 0.0,
                "n": 1
              },
              "precision": {
                "mean": 0.29166666666666663,
                "std": 0.0,
                "n": 1
              },
              "recall": {
                "mean": 0.30000000000000004,
                "std": 0.0,
                "n": 1
              },
              "roc_auc": {
                "mean": 0.15999999999999998,
                "std": 0.0,
                "n": 1
              },
              "weighted_f1": {
                "mean": 0.29292929292929293,
                "std": 0.0,
                "n": 1
              }
            },
            "1": {
              "accuracy": {
                "mean": 0.35,
                "std": 0.0,
                "n": 1
              },
              "attack_recall": {
                "mean": 0.5,
                "std": 0.0,
                "n": 1
              },
              "brier_score": {
                "mean": 0.2928929673894526,
                "std": 0.0,
                "n": 1
              },
              "ece": {
                "mean": 0.21841166019439695,
                "std": 0.0,
                "n": 1
              },
              "false_positive_rate": {
                "mean": 0.8,
                "std": 0.0,
                "n": 1
              },
              "macro_f1": {
                "mean": 0.3350383631713555,
                "std": 0.0,
                "n": 1
              },