accuracy,attack_recall,brier_score,ece,experiment,f1,false_positive_rate,macro_f1,method,n_samples,pr_auc,precision,recall,roc_auc,selected_stop_step,shot,split,task_id,weighted_f1
0.85,0.9,0.18854102185507426,0.25948605537414554,exp1_1shot,0.849624060150376,0.2,0.849624060150376,SGD,20,0.9183658008658008,0.8535353535353536,0.8500000000000001,0.92,,1,validation,0,0.849624060150376
0.35,0.5,0.2928929673894526,0.21841166019439695,exp1_1shot,0.3350383631713555,0.8,0.3350383631713555,Adam,20,0.38937687828167705,0.3351648351648352,0.35,0.24,,1,validation,0,0.3350383631713555
0.3,0.4,0.30671045663825336,0.2760851979255676,exp1_1shot,0.29292929292929293,0.8,0.29292929292929293,MetaOpt,20,0.36729503039100564,0.29166666666666663,0.30000000000000004,0.16999999999999998,,1,validation,0,0.29292929292929293
